http://vagonka.kz/catalog/cat/vagonka-i-komplektuyushie/sub/72/,http://vagonka.kz/catalog/cat/vagonka-i-pagonazh-vagonka-lipa;
http://vagonka.kz/catalog/cat/vagonka-i-komplektuyushie/sub/73/,http://vagonka.kz/catalog/cat/vagonka-i-pagonazh-vagonka-sosna;
http://vagonka.kz/catalog/cat/vagonka-i-komplektuyushie/sub/74/,http://vagonka.kz/catalog/cat/vagonka-i-pagonazh-vagonka-listvennica;
http://vagonka.kz/catalog/cat/vagonka-i-komplektuyushie/sub/75/,http://vagonka.kz/catalog/cat/vagonka-i-pagonazh-vagonka-kedr;
http://vagonka.kz/catalog/cat/vagonka-i-komplektuyushie/sub/57/,http://vagonka.kz/catalog/cat/vagonka-i-pagonazh-blok-haus;
http://vagonka.kz/catalog/cat/vagonka-i-komplektuyushie/sub/102/,http://vagonka.kz/catalog/cat/vagonka-i-pagonazh/sub/31;
http://vagonka.kz/catalog/cat/vagonka-i-komplektuyushie/sub/60/,http://vagonka.kz/catalog/cat/vagonka-i-pagonazh/sub/32;
http://vagonka.kz/catalog/cat/vagonka-i-komplektuyushie/sub/59/,http://vagonka.kz/catalog/cat/vagonka-i-pagonazh/sub/37;
http://vagonka.kz/catalog/cat/vagonka-i-komplektuyushie/sub/61/,http://vagonka.kz/catalog/cat/vagonka-i-pagonazh/sub/27;
http://vagonka.kz/catalog/cat/vagonka-i-komplektuyushie/sub/58/,http://vagonka.kz/catalog/cat/vagonka-i-pagonazh/sub/42;
http://vagonka.kz/catalog/cat/vagonka-i-komplektuyushie/sub/62/,http://vagonka.kz/catalog/cat/vagonka-i-pagonazh/sub/44;
http://vagonka.kz/catalog/cat/vagonka-i-komplektuyushie/sub/63/,http://vagonka.kz/catalog/cat/parts/sub/109;
http://vagonka.kz/catalog/cat/vagonka-i-komplektuyushie/sub/64/,http://vagonka.kz/catalog/cat/parts;
http://vagonka.kz/catalog/cat/pechi-dlya-bani/,http://vagonka.kz/catalog/cat/oven;
http://vagonka.kz/catalog/cat/pechi-dlya-bani/sub/122/,http://vagonka.kz/catalog/cat/oven/sub/56;
http://vagonka.kz/catalog/cat/pechi-dlya-bani/sub/ugolnie-pechi/,http://vagonka.kz/catalog/cat/oven/sub/55;
http://vagonka.kz/catalog/cat/pechi-dlya-bani/sub/gas-furnaces/,http://vagonka.kz/catalog/cat/oven-gazovue;
http://vagonka.kz/catalog/cat/35/,http://vagonka.kz/catalog/cat/detskie-ploschadki;
http://vagonka.kz/catalog/cat/33/,http://vagonka.kz/catalog/cat/salt;
http://vagonka.kz/catalog/cat/33/sub/126/,http://vagonka.kz/catalog/cat/salt-pischevaya;
http://vagonka.kz/catalog/cat/33/sub/127/,http://vagonka.kz/catalog/cat/salt-solyanue-lampu;
http://vagonka.kz/catalog/cat/33/sub/128/,http://vagonka.kz/catalog/cat/salt-dlya-stroitelstva;
http://vagonka.kz/catalog/cat/33/sub/136/,http://vagonka.kz/catalog/cat/salt-dlya-vannu;
http://vagonka.kz/catalog/cat/dveri/,http://vagonka.kz/catalog/cat/doors;
http://vagonka.kz/catalog/cat/dveri/sub/65/,http://vagonka.kz/catalog/cat/doors-steklyannue;
http://vagonka.kz/catalog/cat/dveri/sub/66/,http://vagonka.kz/catalog/cat/doors-derevyannue;
http://vagonka.kz/catalog/cat/dveri/sub/129/,http://vagonka.kz/catalog/cat/doors-hamam;
http://vagonka.kz/catalog/cat/29/,http://vagonka.kz/catalog/cat/sauna;
http://vagonka.kz/catalog/cat/dymohody-i-aksessuary/,http://vagonka.kz/catalog/cat/chineys;
http://vagonka.kz/catalog/cat/bondarnye-izdeliya-dlya-bani/,http://vagonka.kz/catalog/cat/bondarnue-izdeliya;
http://vagonka.kz/catalog/cat/aksessuary-dlya-bani/,http://vagonka.kz/catalog/cat/aksessuaru-dlya-bani-i-saunu;
http://vagonka.kz/catalog/cat/aksessuary-dlya-bani/sub/89/,http://vagonka.kz/catalog/cat/aksessuaru-dlya-bani-i-saunu/sub/74;
http://vagonka.kz/catalog/cat/aksessuary-dlya-bani/sub/90/,http://vagonka.kz/catalog/cat/Aksessuaru-dlya-bani-i-saunu/sub/75;
http://vagonka.kz/catalog/cat/aksessuary-dlya-bani/sub/91/,http://vagonka.kz/catalog/cat/Aksessuaru-dlya-bani-i-saunu/sub/76;
http://vagonka.kz/catalog/cat/aksessuary-dlya-bani/sub/94/,http://vagonka.kz/catalog/cat/Aksessuaru-dlya-bani-i-saunu/sub/77;
http://vagonka.kz/catalog/cat/aksessuary-dlya-bani/sub/95/,http://vagonka.kz/catalog/cat/Aksessuaru-dlya-bani-i-saunu/sub/78;
http://vagonka.kz/catalog/cat/aksessuary-dlya-bani/sub/101/,http://vagonka.kz/catalog/cat/Aksessuaru-dlya-bani-i-saunu/sub/80;
http://vagonka.kz/catalog/cat/aksessuary-dlya-bani/sub/prochie-aksessuary/,http://vagonka.kz/catalog/cat/Aksessuaru-dlya-bani-i-saunu/sub/79;
http://vagonka.kz/catalog/cat/kamen-dlya-kamenok/,http://vagonka.kz/catalog/cat/kamni;
http://vagonka.kz/catalog/cat/kamen-dlya-kamenok/sub/114/,http://vagonka.kz/catalog/cat/kamni-kamen-dlya-pechej;
http://vagonka.kz/catalog/cat/kamen-dlya-kamenok/sub/115/,http://vagonka.kz/catalog/cat/kamni-kamen-oblicovochnuj;
http://vagonka.kz/catalog/cat/fitobochki-i-kupeli/,http://vagonka.kz/catalog/cat/kupeli-i-fitobochki;
http://vagonka.kz/catalog/cat/fitobochki-i-kupeli/sub/109/,http://vagonka.kz/catalog/cat/kupeli-i-fitobochki-kupeli;
http://vagonka.kz/catalog/cat/fitobochki-i-kupeli/sub/110/,http://vagonka.kz/catalog/cat/kupeli-i-fitobochki-fitobochki;
http://vagonka.kz/catalog/cat/fitobochki-i-kupeli/sub/yaponskaya-banya-furako-i-ofuro/,http://vagonka.kz/catalog/cat/kupeli-i-fitobochki-yaponskie-bani;
http://vagonka.kz/catalog/cat/fitobochki-i-kupeli/sub/112/,http://vagonka.kz/catalog/cat/kupeli-i-fitobochki-infrakrasnue-saunu;
http://vagonka.kz/catalog/cat/fitobochki-i-kupeli/sub/113/,http://vagonka.kz/catalog/cat/kupeli-i-fitobochki-parogeneratoru;
http://vagonka.kz/catalog/cat/32/,http://vagonka.kz/catalog/cat/mebel-dlya-bani;
http://vagonka.kz/catalog/cat/mobil-nye-bani/,http://vagonka.kz/catalog/cat/mobilnue-bani;
http://vagonka.kz/catalog/cat/mobil-nye-bani/sub/106/,http://vagonka.kz/catalog/cat/mobilnue-bani-palatki;
http://vagonka.kz/catalog/cat/mobil-nye-bani/sub/107/,http://vagonka.kz/catalog/cat/mobilnue-bani-pechi;
http://vagonka.kz/catalog/cat/mobil-nye-bani/sub/108/,http://vagonka.kz/catalog/cat/mobilnue-bani-aksessuaru-i-opcii;
http://vagonka.kz/catalog/cat/22/,http://vagonka.kz/catalog/cat/vagonka-i-pagonazh/sub/20;
http://vagonka.kz/catalog/cat/23/,http://vagonka.kz/catalog/cat/vagonka-i-pagonazh/sub/46;
http://vagonka.kz/catalog/cat/24/,http://vagonka.kz/catalog/cat/vagonka-i-pagonazh/sub/47;
http://vagonka.kz/catalog/cat/laki-propitki-krepezhi/,http://vagonka.kz/catalog/cat/fastener;
http://vagonka.kz/catalog/cat/dlya-spa-ban-i-saun/,http://vagonka.kz/catalog/cat/dlya-spa-ban-i-saun;
http://vagonka.kz/catalog/cat/28/,http://vagonka.kz/catalog/cat/28